[
{
  "model": "myapp.family",
  "pk": 1,
  "fields": {
    "nom": "Ionic Family",
    "code": "90FJFTR1GU"
  }
},
{
  "model": "myapp.family",
  "pk": 2,
  "fields": {
    "nom": "Ionic Family",
    "code": "NJ7FKGATF0"
  }
},
{
  "model": "myapp.user",
  "fields": {
    "last_login": null,
    "pseudonymePerso": "Ionic",
    "password": "pbkdf2_sha256$320000$4c4R1dBTPHABuh6ysx7Kt3$Tf7WCky6oEj1mZ5gm3ezG4vMKHGXn+DAqAJEqjEk+J8=",
    "email": "ionic@gmail.com",
    "refFamily": 2,
    "is_admin": false
  }
},
{
  "model": "myapp.user",
  "fields": {
    "last_login": null,
    "pseudonymePerso": "LeChef",
    "password": "pbkdf2_sha256$320000$w7igUsBUYYF1G6OKsliqhM$Xm1xkWAZ0NQ5H7YgeDYp9nD4mUGkFQ/7uxKEQyENQ/M=",
    "email": "chef@gmail.com",
    "refFamily": 2,
    "is_admin": false
  }
},
{
  "model": "myapp.repas",
  "pk": 1,
  "fields": {
    "nom": "Pâtes carbonara",
    "refFamily": 2
  }
},
{
  "model": "myapp.category",
  "pk": 1,
  "fields": {
    "nom": "Crème",
    "dureConservation": 14,
    "refFamily": 1
  }
},
{
  "model": "myapp.category",
  "pk": 2,
  "fields": {
    "nom": "Charcuterie",
    "dureConservation": 14,
    "refFamily": 1
  }
},
{
  "model": "myapp.category",
  "pk": 3,
  "fields": {
    "nom": "Viande",
    "dureConservation": 14,
    "refFamily": 1
  }
},
{
  "model": "myapp.category",
  "pk": 4,
  "fields": {
    "nom": "Viande surgelée",
    "dureConservation": 180,
    "refFamily": 1
  }
},
{
  "model": "myapp.category",
  "pk": 5,
  "fields": {
    "nom": "Crème",
    "dureConservation": 14,
    "refFamily": 2
  }
},
{
  "model": "myapp.category",
  "pk": 6,
  "fields": {
    "nom": "Charcuterie",
    "dureConservation": 14,
    "refFamily": 2
  }
},
{
  "model": "myapp.category",
  "pk": 7,
  "fields": {
    "nom": "Viande",
    "dureConservation": 14,
    "refFamily": 2
  }
},
{
  "model": "myapp.category",
  "pk": 8,
  "fields": {
    "nom": "Viande surgelée",
    "dureConservation": 180,
    "refFamily": 2
  }
},
{
  "model": "myapp.category",
  "pk": 9,
  "fields": {
    "nom": "Fruits",
    "dureConservation": 7,
    "refFamily": 2
  }
},
{
  "model": "myapp.category",
  "pk": 10,
  "fields": {
    "nom": "Légumes",
    "dureConservation": 7,
    "refFamily": 2
  }
},
{
  "model": "myapp.category",
  "pk": 11,
  "fields": {
    "nom": "Biscuits",
    "dureConservation": 60,
    "refFamily": 2
  }
},
{
  "model": "myapp.category",
  "pk": 12,
  "fields": {
    "nom": "Autres",
    "dureConservation": 30,
    "refFamily": 2
  }
},
{
  "model": "myapp.stockage",
  "pk": 1,
  "fields": {
    "nom": "Frigo",
    "dureConservation": 7,
    "refFamily": 1
  }
},
{
  "model": "myapp.stockage",
  "pk": 2,
  "fields": {
    "nom": "Frigo",
    "dureConservation": 7,
    "refFamily": 2
  }
},
{
  "model": "myapp.stockage",
  "pk": 3,
  "fields": {
    "nom": "Frigo Cave",
    "dureConservation": 7,
    "refFamily": 2
  }
},
{
  "model": "myapp.stockage",
  "pk": 5,
  "fields": {
    "nom": "Garde Manger 1",
    "dureConservation": 30,
    "refFamily": 2
  }
},
{
  "model": "myapp.stockage",
  "pk": 6,
  "fields": {
    "nom": "Congélateur Cuisine",
    "dureConservation": 120,
    "refFamily": 2
  }
},
{
  "model": "myapp.produit",
  "pk": 1,
  "fields": {
    "nom": "Jambon de poulet",
    "quantity": 9,
    "quantityMin": 2,
    "isQuantityMin": true,
    "quantityAutoAdd": 2,
    "description": "",
    "mesure": "boite",
    "notifPeremption": 3,
    "refStockage": 2,
    "refCategory": 6
  }
},
{
  "model": "myapp.produit",
  "pk": 2,
  "fields": {
    "nom": "Jambon de poulet",
    "quantity": 2,
    "quantityMin": 0,
    "isQuantityMin": false,
    "quantityAutoAdd": 0,
    "description": "",
    "mesure": "pièce",
    "notifPeremption": 2,
    "refStockage": 3,
    "refCategory": 6
  }
},
{
  "model": "myapp.produit",
  "pk": 4,
  "fields": {
    "nom": "Pomme Verte",
    "quantity": 7,
    "quantityMin": null,
    "isQuantityMin": false,
    "quantityAutoAdd": null,
    "description": "Granny smith",
    "mesure": "pièce",
    "notifPeremption": 2,
    "refStockage": 2,
    "refCategory": 9
  }
},
{
  "model": "myapp.produit",
  "pk": 5,
  "fields": {
    "nom": "Spaghetti",
    "quantity": 0,
    "quantityMin": 0,
    "isQuantityMin": false,
    "quantityAutoAdd": 0,
    "description": "",
    "mesure": "pièce",
    "notifPeremption": 2,
    "refStockage": null,
    "refCategory": null
  }
},
{
  "model": "myapp.produit",
  "pk": 6,
  "fields": {
    "nom": "Viande haché",
    "quantity": 0,
    "quantityMin": 0,
    "isQuantityMin": false,
    "quantityAutoAdd": 0,
    "description": "",
    "mesure": "pièce",
    "notifPeremption": 2,
    "refStockage": null,
    "refCategory": null
  }
},
{
  "model": "myapp.produit",
  "pk": 7,
  "fields": {
    "nom": "Blanc de poulet",
    "quantity": 0,
    "quantityMin": 0,
    "isQuantityMin": false,
    "quantityAutoAdd": 0,
    "description": "",
    "mesure": "pièce",
    "notifPeremption": 2,
    "refStockage": null,
    "refCategory": null
  }
},
{
  "model": "myapp.produit",
  "pk": 8,
  "fields": {
    "nom": "Yaourt fraise",
    "quantity": 4,
    "quantityMin": null,
    "isQuantityMin": false,
    "quantityAutoAdd": null,
    "description": "",
    "mesure": "pièce",
    "notifPeremption": 2,
    "refStockage": 2,
    "refCategory": 5
  }
},
{
  "model": "myapp.produit",
  "pk": 9,
  "fields": {
    "nom": "Mayonnaise",
    "quantity": 1,
    "quantityMin": null,
    "isQuantityMin": false,
    "quantityAutoAdd": null,
    "description": "",
    "mesure": "pièce",
    "notifPeremption": 2,
    "refStockage": 2,
    "refCategory": 5
  }
},
{
  "model": "myapp.produit",
  "pk": 10,
  "fields": {
    "nom": "Rosette",
    "quantity": 2,
    "quantityMin": 1,
    "isQuantityMin": true,
    "quantityAutoAdd": 2,
    "description": "",
    "mesure": "paquet",
    "notifPeremption": 2,
    "refStockage": 2,
    "refCategory": 6
  }
},
{
  "model": "myapp.produit",
  "pk": 11,
  "fields": {
    "nom": "Boeufs oignons",
    "quantity": 2,
    "quantityMin": null,
    "isQuantityMin": false,
    "quantityAutoAdd": null,
    "description": "Fait le 01/06",
    "mesure": "personne",
    "notifPeremption": 2,
    "refStockage": 6,
    "refCategory": 8
  }
},
{
  "model": "myapp.produit",
  "pk": 12,
  "fields": {
    "nom": "Petit Beurre",
    "quantity": 2,
    "quantityMin": null,
    "isQuantityMin": false,
    "quantityAutoAdd": null,
    "description": "",
    "mesure": "pièce",
    "notifPeremption": 2,
    "refStockage": 5,
    "refCategory": 11
  }
},
{
  "model": "myapp.produit",
  "pk": 13,
  "fields": {
    "nom": "Spéculos",
    "quantity": 12,
    "quantityMin": null,
    "isQuantityMin": false,
    "quantityAutoAdd": null,
    "description": "",
    "mesure": "pièce",
    "notifPeremption": 2,
    "refStockage": 5,
    "refCategory": 11
  }
},
{
  "model": "myapp.produit",
  "pk": 14,
  "fields": {
    "nom": "Lardons",
    "quantity": 1,
    "quantityMin": null,
    "isQuantityMin": false,
    "quantityAutoAdd": null,
    "description": "",
    "mesure": "pièce",
    "notifPeremption": 2,
    "refStockage": 2,
    "refCategory": 7
  }
},
{
  "model": "myapp.produit",
  "pk": 15,
  "fields": {
    "nom": "Linguine",
    "quantity": 2,
    "quantityMin": null,
    "isQuantityMin": false,
    "quantityAutoAdd": null,
    "description": "",
    "mesure": "pièce",
    "notifPeremption": 2,
    "refStockage": 5,
    "refCategory": 12
  }
},
{
  "model": "myapp.produit",
  "pk": 16,
  "fields": {
    "nom": "Crème",
    "quantity": 4,
    "quantityMin": null,
    "isQuantityMin": false,
    "quantityAutoAdd": null,
    "description": "",
    "mesure": "pièce",
    "notifPeremption": 2,
    "refStockage": 2,
    "refCategory": 5
  }
},
{
  "model": "myapp.liste",
  "pk": 1,
  "fields": {
    "nom": "Mes Courses",
    "category": "Course",
    "refFamily": 2
  }
},
{
  "model": "myapp.liste",
  "pk": 2,
  "fields": {
    "nom": "Tâches pour Ionic",
    "category": "Tâche",
    "refFamily": 2
  }
},
{
  "model": "myapp.liste",
  "pk": 3,
  "fields": {
    "nom": "A ranger",
    "category": "Tâche",
    "refFamily": 2
  }
},
{
  "model": "myapp.tache",
  "pk": 1,
  "fields": {
    "nom": "Vêtements",
    "isCheck": false,
    "refListe": 3
  }
},
{
  "model": "myapp.tache",
  "pk": 2,
  "fields": {
    "nom": "Lave-vaiselle",
    "isCheck": false,
    "refListe": 3
  }
},
{
  "model": "myapp.tache",
  "pk": 3,
  "fields": {
    "nom": "Jouets du chat",
    "isCheck": false,
    "refListe": 3
  }
},
{
  "model": "myapp.tache",
  "pk": 4,
  "fields": {
    "nom": "Nettoyer Parasol",
    "isCheck": false,
    "refListe": 2
  }
},
{
  "model": "myapp.ligneliste",
  "pk": 7,
  "fields": {
    "refListe": 1,
    "refProduit": 4,
    "mesure": "pièce",
    "quantity": 3,
    "isCheck": false,
    "autoAdd": false,
    "nomProdOptional": null
  }
},
{
  "model": "myapp.ligneliste",
  "pk": 8,
  "fields": {
    "refListe": 1,
    "refProduit": 5,
    "mesure": "pièce",
    "quantity": 1,
    "isCheck": false,
    "autoAdd": false,
    "nomProdOptional": "Spaghetti"
  }
},
{
  "model": "myapp.ligneliste",
  "pk": 9,
  "fields": {
    "refListe": 1,
    "refProduit": 6,
    "mesure": "kg",
    "quantity": 2,
    "isCheck": false,
    "autoAdd": false,
    "nomProdOptional": "Viande haché"
  }
},
{
  "model": "myapp.ligneliste",
  "pk": 10,
  "fields": {
    "refListe": 1,
    "refProduit": 7,
    "mesure": "pièce",
    "quantity": 4,
    "isCheck": false,
    "autoAdd": false,
    "nomProdOptional": "Blanc de poulet"
  }
},
{
  "model": "myapp.lignerepas",
  "pk": 1,
  "fields": {
    "refRepas": 1,
    "refProduit": 15,
    "mesure": "pièce",
    "quantity": 1
  }
},
{
  "model": "myapp.lignerepas",
  "pk": 2,
  "fields": {
    "refRepas": 1,
    "refProduit": 14,
    "mesure": "pièce",
    "quantity": 2
  }
},
{
  "model": "myapp.lignerepas",
  "pk": 3,
  "fields": {
    "refRepas": 1,
    "refProduit": 16,
    "mesure": "pièce",
    "quantity": 2
  }
},
{
  "model": "myapp.peremptionproduit",
  "pk": 14,
  "fields": {
    "datePeremption": "2022-06-26",
    "quantity": 2,
    "notifPeremption": 2,
    "refProduit": 1
  }
},
{
  "model": "myapp.peremptionproduit",
  "pk": 16,
  "fields": {
    "datePeremption": "2022-06-27",
    "quantity": 5,
    "notifPeremption": 2,
    "refProduit": 1
  }
},
{
  "model": "myapp.peremptionproduit",
  "pk": 18,
  "fields": {
    "datePeremption": "2022-06-30",
    "quantity": 2,
    "notifPeremption": 2,
    "refProduit": 1
  }
},
{
  "model": "myapp.peremptionproduit",
  "pk": 19,
  "fields": {
    "datePeremption": "2022-06-20",
    "quantity": 5,
    "notifPeremption": 2,
    "refProduit": 4
  }
},
{
  "model": "myapp.peremptionproduit",
  "pk": 20,
  "fields": {
    "datePeremption": "2022-06-21",
    "quantity": 2,
    "notifPeremption": 2,
    "refProduit": 4
  }
},
{
  "model": "myapp.peremptionproduit",
  "pk": 22,
  "fields": {
    "datePeremption": "2022-06-27",
    "quantity": 4,
    "notifPeremption": 2,
    "refProduit": 8
  }
},
{
  "model": "myapp.peremptionproduit",
  "pk": 23,
  "fields": {
    "datePeremption": "2022-06-27",
    "quantity": 1,
    "notifPeremption": 2,
    "refProduit": 9
  }
},
{
  "model": "myapp.peremptionproduit",
  "pk": 24,
  "fields": {
    "datePeremption": "2022-06-27",
    "quantity": 2,
    "notifPeremption": 2,
    "refProduit": 10
  }
},
{
  "model": "myapp.peremptionproduit",
  "pk": 25,
  "fields": {
    "datePeremption": "2022-12-10",
    "quantity": 2,
    "notifPeremption": 2,
    "refProduit": 11
  }
},
{
  "model": "myapp.peremptionproduit",
  "pk": 26,
  "fields": {
    "datePeremption": "2022-08-12",
    "quantity": 2,
    "notifPeremption": 2,
    "refProduit": 12
  }
},
{
  "model": "myapp.peremptionproduit",
  "pk": 27,
  "fields": {
    "datePeremption": "2022-08-12",
    "quantity": 12,
    "notifPeremption": 2,
    "refProduit": 13
  }
},
{
  "model": "myapp.peremptionproduit",
  "pk": 28,
  "fields": {
    "datePeremption": "2022-06-27",
    "quantity": 1,
    "notifPeremption": 2,
    "refProduit": 14
  }
},
{
  "model": "myapp.peremptionproduit",
  "pk": 29,
  "fields": {
    "datePeremption": "2022-07-13",
    "quantity": 2,
    "notifPeremption": 2,
    "refProduit": 15
  }
},
{
  "model": "myapp.peremptionproduit",
  "pk": 30,
  "fields": {
    "datePeremption": "2022-06-27",
    "quantity": 4,
    "notifPeremption": 2,
    "refProduit": 16
  }
}
]
