[
{
  "model": "auth.permission",
  "pk": 1,
  "fields": {
    "name": "Can add log entry",
    "content_type": 1,
    "codename": "add_logentry"
  }
},
{
  "model": "auth.permission",
  "pk": 2,
  "fields": {
    "name": "Can change log entry",
    "content_type": 1,
    "codename": "change_logentry"
  }
},
{
  "model": "auth.permission",
  "pk": 3,
  "fields": {
    "name": "Can delete log entry",
    "content_type": 1,
    "codename": "delete_logentry"
  }
},
{
  "model": "auth.permission",
  "pk": 4,
  "fields": {
    "name": "Can view log entry",
    "content_type": 1,
    "codename": "view_logentry"
  }
},
{
  "model": "auth.permission",
  "pk": 5,
  "fields": {
    "name": "Can add permission",
    "content_type": 2,
    "codename": "add_permission"
  }
},
{
  "model": "auth.permission",
  "pk": 6,
  "fields": {
    "name": "Can change permission",
    "content_type": 2,
    "codename": "change_permission"
  }
},
{
  "model": "auth.permission",
  "pk": 7,
  "fields": {
    "name": "Can delete permission",
    "content_type": 2,
    "codename": "delete_permission"
  }
},
{
  "model": "auth.permission",
  "pk": 8,
  "fields": {
    "name": "Can view permission",
    "content_type": 2,
    "codename": "view_permission"
  }
},
{
  "model": "auth.permission",
  "pk": 9,
  "fields": {
    "name": "Can add group",
    "content_type": 3,
    "codename": "add_group"
  }
},
{
  "model": "auth.permission",
  "pk": 10,
  "fields": {
    "name": "Can change group",
    "content_type": 3,
    "codename": "change_group"
  }
},
{
  "model": "auth.permission",
  "pk": 11,
  "fields": {
    "name": "Can delete group",
    "content_type": 3,
    "codename": "delete_group"
  }
},
{
  "model": "auth.permission",
  "pk": 12,
  "fields": {
    "name": "Can view group",
    "content_type": 3,
    "codename": "view_group"
  }
},
{
  "model": "auth.permission",
  "pk": 13,
  "fields": {
    "name": "Can add content type",
    "content_type": 4,
    "codename": "add_contenttype"
  }
},
{
  "model": "auth.permission",
  "pk": 14,
  "fields": {
    "name": "Can change content type",
    "content_type": 4,
    "codename": "change_contenttype"
  }
},
{
  "model": "auth.permission",
  "pk": 15,
  "fields": {
    "name": "Can delete content type",
    "content_type": 4,
    "codename": "delete_contenttype"
  }
},
{
  "model": "auth.permission",
  "pk": 16,
  "fields": {
    "name": "Can view content type",
    "content_type": 4,
    "codename": "view_contenttype"
  }
},
{
  "model": "auth.permission",
  "pk": 17,
  "fields": {
    "name": "Can add session",
    "content_type": 5,
    "codename": "add_session"
  }
},
{
  "model": "auth.permission",
  "pk": 18,
  "fields": {
    "name": "Can change session",
    "content_type": 5,
    "codename": "change_session"
  }
},
{
  "model": "auth.permission",
  "pk": 19,
  "fields": {
    "name": "Can delete session",
    "content_type": 5,
    "codename": "delete_session"
  }
},
{
  "model": "auth.permission",
  "pk": 20,
  "fields": {
    "name": "Can view session",
    "content_type": 5,
    "codename": "view_session"
  }
},
{
  "model": "auth.permission",
  "pk": 21,
  "fields": {
    "name": "Can add family",
    "content_type": 6,
    "codename": "add_family"
  }
},
{
  "model": "auth.permission",
  "pk": 22,
  "fields": {
    "name": "Can change family",
    "content_type": 6,
    "codename": "change_family"
  }
},
{
  "model": "auth.permission",
  "pk": 23,
  "fields": {
    "name": "Can delete family",
    "content_type": 6,
    "codename": "delete_family"
  }
},
{
  "model": "auth.permission",
  "pk": 24,
  "fields": {
    "name": "Can view family",
    "content_type": 6,
    "codename": "view_family"
  }
},
{
  "model": "auth.permission",
  "pk": 25,
  "fields": {
    "name": "Can add user",
    "content_type": 7,
    "codename": "add_user"
  }
},
{
  "model": "auth.permission",
  "pk": 26,
  "fields": {
    "name": "Can change user",
    "content_type": 7,
    "codename": "change_user"
  }
},
{
  "model": "auth.permission",
  "pk": 27,
  "fields": {
    "name": "Can delete user",
    "content_type": 7,
    "codename": "delete_user"
  }
},
{
  "model": "auth.permission",
  "pk": 28,
  "fields": {
    "name": "Can view user",
    "content_type": 7,
    "codename": "view_user"
  }
},
{
  "model": "auth.permission",
  "pk": 29,
  "fields": {
    "name": "Can add stockage",
    "content_type": 8,
    "codename": "add_stockage"
  }
},
{
  "model": "auth.permission",
  "pk": 30,
  "fields": {
    "name": "Can change stockage",
    "content_type": 8,
    "codename": "change_stockage"
  }
},
{
  "model": "auth.permission",
  "pk": 31,
  "fields": {
    "name": "Can delete stockage",
    "content_type": 8,
    "codename": "delete_stockage"
  }
},
{
  "model": "auth.permission",
  "pk": 32,
  "fields": {
    "name": "Can view stockage",
    "content_type": 8,
    "codename": "view_stockage"
  }
},
{
  "model": "auth.permission",
  "pk": 33,
  "fields": {
    "name": "Can add repas",
    "content_type": 9,
    "codename": "add_repas"
  }
},
{
  "model": "auth.permission",
  "pk": 34,
  "fields": {
    "name": "Can change repas",
    "content_type": 9,
    "codename": "change_repas"
  }
},
{
  "model": "auth.permission",
  "pk": 35,
  "fields": {
    "name": "Can delete repas",
    "content_type": 9,
    "codename": "delete_repas"
  }
},
{
  "model": "auth.permission",
  "pk": 36,
  "fields": {
    "name": "Can view repas",
    "content_type": 9,
    "codename": "view_repas"
  }
},
{
  "model": "auth.permission",
  "pk": 37,
  "fields": {
    "name": "Can add category",
    "content_type": 10,
    "codename": "add_category"
  }
},
{
  "model": "auth.permission",
  "pk": 38,
  "fields": {
    "name": "Can change category",
    "content_type": 10,
    "codename": "change_category"
  }
},
{
  "model": "auth.permission",
  "pk": 39,
  "fields": {
    "name": "Can delete category",
    "content_type": 10,
    "codename": "delete_category"
  }
},
{
  "model": "auth.permission",
  "pk": 40,
  "fields": {
    "name": "Can view category",
    "content_type": 10,
    "codename": "view_category"
  }
},
{
  "model": "auth.permission",
  "pk": 41,
  "fields": {
    "name": "Can add produit",
    "content_type": 11,
    "codename": "add_produit"
  }
},
{
  "model": "auth.permission",
  "pk": 42,
  "fields": {
    "name": "Can change produit",
    "content_type": 11,
    "codename": "change_produit"
  }
},
{
  "model": "auth.permission",
  "pk": 43,
  "fields": {
    "name": "Can delete produit",
    "content_type": 11,
    "codename": "delete_produit"
  }
},
{
  "model": "auth.permission",
  "pk": 44,
  "fields": {
    "name": "Can view produit",
    "content_type": 11,
    "codename": "view_produit"
  }
},
{
  "model": "auth.permission",
  "pk": 45,
  "fields": {
    "name": "Can add liste",
    "content_type": 12,
    "codename": "add_liste"
  }
},
{
  "model": "auth.permission",
  "pk": 46,
  "fields": {
    "name": "Can change liste",
    "content_type": 12,
    "codename": "change_liste"
  }
},
{
  "model": "auth.permission",
  "pk": 47,
  "fields": {
    "name": "Can delete liste",
    "content_type": 12,
    "codename": "delete_liste"
  }
},
{
  "model": "auth.permission",
  "pk": 48,
  "fields": {
    "name": "Can view liste",
    "content_type": 12,
    "codename": "view_liste"
  }
},
{
  "model": "auth.permission",
  "pk": 49,
  "fields": {
    "name": "Can add tache",
    "content_type": 13,
    "codename": "add_tache"
  }
},
{
  "model": "auth.permission",
  "pk": 50,
  "fields": {
    "name": "Can change tache",
    "content_type": 13,
    "codename": "change_tache"
  }
},
{
  "model": "auth.permission",
  "pk": 51,
  "fields": {
    "name": "Can delete tache",
    "content_type": 13,
    "codename": "delete_tache"
  }
},
{
  "model": "auth.permission",
  "pk": 52,
  "fields": {
    "name": "Can view tache",
    "content_type": 13,
    "codename": "view_tache"
  }
},
{
  "model": "auth.permission",
  "pk": 53,
  "fields": {
    "name": "Can add peremption produit",
    "content_type": 14,
    "codename": "add_peremptionproduit"
  }
},
{
  "model": "auth.permission",
  "pk": 54,
  "fields": {
    "name": "Can change peremption produit",
    "content_type": 14,
    "codename": "change_peremptionproduit"
  }
},
{
  "model": "auth.permission",
  "pk": 55,
  "fields": {
    "name": "Can delete peremption produit",
    "content_type": 14,
    "codename": "delete_peremptionproduit"
  }
},
{
  "model": "auth.permission",
  "pk": 56,
  "fields": {
    "name": "Can view peremption produit",
    "content_type": 14,
    "codename": "view_peremptionproduit"
  }
},
{
  "model": "auth.permission",
  "pk": 57,
  "fields": {
    "name": "Can add ligne repas",
    "content_type": 15,
    "codename": "add_lignerepas"
  }
},
{
  "model": "auth.permission",
  "pk": 58,
  "fields": {
    "name": "Can change ligne repas",
    "content_type": 15,
    "codename": "change_lignerepas"
  }
},
{
  "model": "auth.permission",
  "pk": 59,
  "fields": {
    "name": "Can delete ligne repas",
    "content_type": 15,
    "codename": "delete_lignerepas"
  }
},
{
  "model": "auth.permission",
  "pk": 60,
  "fields": {
    "name": "Can view ligne repas",
    "content_type": 15,
    "codename": "view_lignerepas"
  }
},
{
  "model": "auth.permission",
  "pk": 61,
  "fields": {
    "name": "Can add ligne liste",
    "content_type": 16,
    "codename": "add_ligneliste"
  }
},
{
  "model": "auth.permission",
  "pk": 62,
  "fields": {
    "name": "Can change ligne liste",
    "content_type": 16,
    "codename": "change_ligneliste"
  }
},
{
  "model": "auth.permission",
  "pk": 63,
  "fields": {
    "name": "Can delete ligne liste",
    "content_type": 16,
    "codename": "delete_ligneliste"
  }
},
{
  "model": "auth.permission",
  "pk": 64,
  "fields": {
    "name": "Can view ligne liste",
    "content_type": 16,
    "codename": "view_ligneliste"
  }
},
{
  "model": "auth.permission",
  "pk": 65,
  "fields": {
    "name": "Can add notification",
    "content_type": 17,
    "codename": "add_notification"
  }
},
{
  "model": "auth.permission",
  "pk": 66,
  "fields": {
    "name": "Can change notification",
    "content_type": 17,
    "codename": "change_notification"
  }
},
{
  "model": "auth.permission",
  "pk": 67,
  "fields": {
    "name": "Can delete notification",
    "content_type": 17,
    "codename": "delete_notification"
  }
},
{
  "model": "auth.permission",
  "pk": 68,
  "fields": {
    "name": "Can view notification",
    "content_type": 17,
    "codename": "view_notification"
  }
},
{
  "model": "myapp.family",
  "pk": 1,
  "fields": {
    "nom": "Ionic Family",
    "code": "90FJFTR1GU"
  }
},
{
  "model": "myapp.family",
  "pk": 2,
  "fields": {
    "nom": "Ionic Family",
    "code": "NJ7FKGATF0"
  }
},
{
  "model": "myapp.user",
  "pk": "Ionic",
  "fields": {
    "last_login": null,
    "pseudonymePerso": "Ionic",
    "password": "pbkdf2_sha256$320000$4c4R1dBTPHABuh6ysx7Kt3$Tf7WCky6oEj1mZ5gm3ezG4vMKHGXn+DAqAJEqjEk+J8=",
    "email": "ionic@gmail.com",
    "refFamily": 2,
    "is_admin": false
  }
},
{
  "model": "myapp.user",
  "pk": "LeChef",
  "fields": {
    "last_login": null,
    "pseudonymePerso": "LeChef",
    "password": "pbkdf2_sha256$320000$w7igUsBUYYF1G6OKsliqhM$Xm1xkWAZ0NQ5H7YgeDYp9nD4mUGkFQ/7uxKEQyENQ/M=",
    "email": "chef@gmail.com",
    "refFamily": 2,
    "is_admin": false
  }
},
{
  "model": "myapp.repas",
  "pk": 1,
  "fields": {
    "nom": "Pâtes carbonara",
    "refFamily": 2
  }
},
{
  "model": "myapp.repas",
  "pk": 2,
  "fields": {
    "nom": "Pizza maison",
    "refFamily": 2
  }
},
{
  "model": "myapp.repas",
  "pk": 3,
  "fields": {
    "nom": "Hamburger",
    "refFamily": 2
  }
},
{
  "model": "myapp.category",
  "pk": 1,
  "fields": {
    "nom": "Crème",
    "dureConservation": 14,
    "refFamily": 1
  }
},
{
  "model": "myapp.category",
  "pk": 2,
  "fields": {
    "nom": "Charcuterie",
    "dureConservation": 14,
    "refFamily": 1
  }
},
{
  "model": "myapp.category",
  "pk": 3,
  "fields": {
    "nom": "Viande",
    "dureConservation": 14,
    "refFamily": 1
  }
},
{
  "model": "myapp.category",
  "pk": 4,
  "fields": {
    "nom": "Viande surgelée",
    "dureConservation": 180,
    "refFamily": 1
  }
},
{
  "model": "myapp.category",
  "pk": 5,
  "fields": {
    "nom": "Crème",
    "dureConservation": 14,
    "refFamily": 2
  }
},
{
  "model": "myapp.category",
  "pk": 6,
  "fields": {
    "nom": "Charcuterie",
    "dureConservation": 14,
    "refFamily": 2
  }
},
{
  "model": "myapp.category",
  "pk": 7,
  "fields": {
    "nom": "Viande",
    "dureConservation": 14,
    "refFamily": 2
  }
},
{
  "model": "myapp.category",
  "pk": 8,
  "fields": {
    "nom": "Viande surgelée",
    "dureConservation": 180,
    "refFamily": 2
  }
},
{
  "model": "myapp.category",
  "pk": 9,
  "fields": {
    "nom": "Fruits",
    "dureConservation": 7,
    "refFamily": 2
  }
},
{
  "model": "myapp.category",
  "pk": 10,
  "fields": {
    "nom": "Légumes",
    "dureConservation": 7,
    "refFamily": 2
  }
},
{
  "model": "myapp.category",
  "pk": 11,
  "fields": {
    "nom": "Biscuits",
    "dureConservation": 60,
    "refFamily": 2
  }
},
{
  "model": "myapp.category",
  "pk": 12,
  "fields": {
    "nom": "Autres",
    "dureConservation": 30,
    "refFamily": 2
  }
},
{
  "model": "myapp.category",
  "pk": 13,
  "fields": {
    "nom": "Farines",
    "dureConservation": 150,
    "refFamily": 2
  }
},
{
  "model": "myapp.stockage",
  "pk": 1,
  "fields": {
    "nom": "Frigo",
    "dureConservation": 7,
    "refFamily": 1
  }
},
{
  "model": "myapp.stockage",
  "pk": 2,
  "fields": {
    "nom": "Frigo",
    "dureConservation": 7,
    "refFamily": 2
  }
},
{
  "model": "myapp.stockage",
  "pk": 3,
  "fields": {
    "nom": "Frigo Cave",
    "dureConservation": 7,
    "refFamily": 2
  }
},
{
  "model": "myapp.stockage",
  "pk": 5,
  "fields": {
    "nom": "Garde Manger 1",
    "dureConservation": 30,
    "refFamily": 2
  }
},
{
  "model": "myapp.stockage",
  "pk": 6,
  "fields": {
    "nom": "Congélateur Cuisine",
    "dureConservation": 120,
    "refFamily": 2
  }
},
{
  "model": "myapp.produit",
  "pk": 1,
  "fields": {
    "nom": "Jambon de poulet",
    "quantity": 6,
    "quantityMin": 2,
    "isQuantityMin": true,
    "quantityAutoAdd": 2,
    "description": "",
    "mesure": "boite",
    "notifPeremption": 3,
    "refStockage": 2,
    "refCategory": 6
  }
},
{
  "model": "myapp.produit",
  "pk": 2,
  "fields": {
    "nom": "Jambon de poulet",
    "quantity": 2,
    "quantityMin": 0,
    "isQuantityMin": false,
    "quantityAutoAdd": 0,
    "description": "",
    "mesure": "pièce",
    "notifPeremption": 2,
    "refStockage": 3,
    "refCategory": 6
  }
},
{
  "model": "myapp.produit",
  "pk": 4,
  "fields": {
    "nom": "Pomme Verte",
    "quantity": 7,
    "quantityMin": null,
    "isQuantityMin": false,
    "quantityAutoAdd": null,
    "description": "Granny smith",
    "mesure": "pièce",
    "notifPeremption": 2,
    "refStockage": 2,
    "refCategory": 9
  }
},
{
  "model": "myapp.produit",
  "pk": 5,
  "fields": {
    "nom": "Spaghetti",
    "quantity": 0,
    "quantityMin": 0,
    "isQuantityMin": false,
    "quantityAutoAdd": 0,
    "description": "",
    "mesure": "pièce",
    "notifPeremption": 2,
    "refStockage": null,
    "refCategory": null
  }
},
{
  "model": "myapp.produit",
  "pk": 6,
  "fields": {
    "nom": "Viande haché",
    "quantity": 0,
    "quantityMin": 0,
    "isQuantityMin": false,
    "quantityAutoAdd": 0,
    "description": "",
    "mesure": "pièce",
    "notifPeremption": 2,
    "refStockage": null,
    "refCategory": null
  }
},
{
  "model": "myapp.produit",
  "pk": 7,
  "fields": {
    "nom": "Blanc de poulet",
    "quantity": 0,
    "quantityMin": 0,
    "isQuantityMin": false,
    "quantityAutoAdd": 0,
    "description": "",
    "mesure": "pièce",
    "notifPeremption": 2,
    "refStockage": null,
    "refCategory": null
  }
},
{
  "model": "myapp.produit",
  "pk": 8,
  "fields": {
    "nom": "Yaourt fraise",
    "quantity": 4,
    "quantityMin": null,
    "isQuantityMin": false,
    "quantityAutoAdd": null,
    "description": "",
    "mesure": "pièce",
    "notifPeremption": 2,
    "refStockage": 2,
    "refCategory": 5
  }
},
{
  "model": "myapp.produit",
  "pk": 9,
  "fields": {
    "nom": "Mayonnaise",
    "quantity": 1,
    "quantityMin": null,
    "isQuantityMin": false,
    "quantityAutoAdd": null,
    "description": "",
    "mesure": "pièce",
    "notifPeremption": 2,
    "refStockage": 2,
    "refCategory": 5
  }
},
{
  "model": "myapp.produit",
  "pk": 10,
  "fields": {
    "nom": "Rosette",
    "quantity": 2,
    "quantityMin": 1,
    "isQuantityMin": true,
    "quantityAutoAdd": 2,
    "description": "",
    "mesure": "paquet",
    "notifPeremption": 2,
    "refStockage": 2,
    "refCategory": 6
  }
},
{
  "model": "myapp.produit",
  "pk": 11,
  "fields": {
    "nom": "Boeufs oignons",
    "quantity": 2,
    "quantityMin": null,
    "isQuantityMin": false,
    "quantityAutoAdd": null,
    "description": "Fait le 01/06",
    "mesure": "personne",
    "notifPeremption": 2,
    "refStockage": 6,
    "refCategory": 8
  }
},
{
  "model": "myapp.produit",
  "pk": 12,
  "fields": {
    "nom": "Petit Beurre",
    "quantity": 2,
    "quantityMin": null,
    "isQuantityMin": false,
    "quantityAutoAdd": null,
    "description": "",
    "mesure": "pièce",
    "notifPeremption": 2,
    "refStockage": 5,
    "refCategory": 11
  }
},
{
  "model": "myapp.produit",
  "pk": 13,
  "fields": {
    "nom": "Spéculos",
    "quantity": 12,
    "quantityMin": null,
    "isQuantityMin": false,
    "quantityAutoAdd": null,
    "description": "",
    "mesure": "pièce",
    "notifPeremption": 2,
    "refStockage": 5,
    "refCategory": 11
  }
},
{
  "model": "myapp.produit",
  "pk": 14,
  "fields": {
    "nom": "Lardons",
    "quantity": 1,
    "quantityMin": null,
    "isQuantityMin": false,
    "quantityAutoAdd": null,
    "description": "",
    "mesure": "pièce",
    "notifPeremption": 2,
    "refStockage": 2,
    "refCategory": 7
  }
},
{
  "model": "myapp.produit",
  "pk": 15,
  "fields": {
    "nom": "Linguine",
    "quantity": 2,
    "quantityMin": null,
    "isQuantityMin": false,
    "quantityAutoAdd": null,
    "description": "",
    "mesure": "pièce",
    "notifPeremption": 2,
    "refStockage": 5,
    "refCategory": 12
  }
},
{
  "model": "myapp.produit",
  "pk": 16,
  "fields": {
    "nom": "Crème",
    "quantity": 4,
    "quantityMin": null,
    "isQuantityMin": false,
    "quantityAutoAdd": null,
    "description": "",
    "mesure": "pièce",
    "notifPeremption": 2,
    "refStockage": 2,
    "refCategory": 5
  }
},
{
  "model": "myapp.produit",
  "pk": 17,
  "fields": {
    "nom": "Farine",
    "quantity": 5,
    "quantityMin": null,
    "isQuantityMin": false,
    "quantityAutoAdd": null,
    "description": "",
    "mesure": "Kg",
    "notifPeremption": 2,
    "refStockage": 5,
    "refCategory": 13
  }
},
{
  "model": "myapp.produit",
  "pk": 18,
  "fields": {
    "nom": "Cheddar",
    "quantity": 2,
    "quantityMin": null,
    "isQuantityMin": false,
    "quantityAutoAdd": null,
    "description": "",
    "mesure": "Paquet",
    "notifPeremption": 2,
    "refStockage": 3,
    "refCategory": 5
  }
},
{
  "model": "myapp.produit",
  "pk": 19,
  "fields": {
    "nom": "Cornichons",
    "quantity": 3,
    "quantityMin": null,
    "isQuantityMin": false,
    "quantityAutoAdd": null,
    "description": "",
    "mesure": "Bocal",
    "notifPeremption": 5,
    "refStockage": 5,
    "refCategory": 12
  }
},
{
  "model": "myapp.produit",
  "pk": 20,
  "fields": {
    "nom": "Bacon",
    "quantity": 0,
    "quantityMin": null,
    "isQuantityMin": false,
    "quantityAutoAdd": null,
    "description": "",
    "mesure": "Paquet",
    "notifPeremption": 2,
    "refStockage": 3,
    "refCategory": 6
  }
},
{
  "model": "myapp.produit",
  "pk": 21,
  "fields": {
    "nom": "Viande haché",
    "quantity": 2,
    "quantityMin": null,
    "isQuantityMin": false,
    "quantityAutoAdd": null,
    "description": "",
    "mesure": "kg",
    "notifPeremption": 2,
    "refStockage": 2,
    "refCategory": 7
  }
},
{
  "model": "myapp.produit",
  "pk": 22,
  "fields": {
    "nom": "Pain hamburger",
    "quantity": 1,
    "quantityMin": null,
    "isQuantityMin": false,
    "quantityAutoAdd": null,
    "description": "6 par paquet",
    "mesure": "pièce",
    "notifPeremption": 2,
    "refStockage": 5,
    "refCategory": 12
  }
},
{
  "model": "myapp.liste",
  "pk": 1,
  "fields": {
    "nom": "Mes Courses",
    "category": "Course",
    "refFamily": 2
  }
},
{
  "model": "myapp.liste",
  "pk": 2,
  "fields": {
    "nom": "Tâches pour Ionic",
    "category": "Tâche",
    "refFamily": 2
  }
},
{
  "model": "myapp.liste",
  "pk": 3,
  "fields": {
    "nom": "A ranger",
    "category": "Tâche",
    "refFamily": 2
  }
},
{
  "model": "myapp.tache",
  "pk": 1,
  "fields": {
    "nom": "Vêtements",
    "isCheck": false,
    "refListe": 3
  }
},
{
  "model": "myapp.tache",
  "pk": 2,
  "fields": {
    "nom": "Lave-vaiselle",
    "isCheck": false,
    "refListe": 3
  }
},
{
  "model": "myapp.tache",
  "pk": 3,
  "fields": {
    "nom": "Jouets du chat",
    "isCheck": false,
    "refListe": 3
  }
},
{
  "model": "myapp.tache",
  "pk": 4,
  "fields": {
    "nom": "Nettoyer Parasol",
    "isCheck": false,
    "refListe": 2
  }
},
{
  "model": "myapp.ligneliste",
  "pk": 7,
  "fields": {
    "refListe": 1,
    "refProduit": 4,
    "mesure": "pièce",
    "quantity": 3,
    "isCheck": false,
    "autoAdd": false,
    "nomProdOptional": null
  }
},
{
  "model": "myapp.ligneliste",
  "pk": 8,
  "fields": {
    "refListe": 1,
    "refProduit": 5,
    "mesure": "pièce",
    "quantity": 1,
    "isCheck": false,
    "autoAdd": false,
    "nomProdOptional": "Spaghetti"
  }
},
{
  "model": "myapp.ligneliste",
  "pk": 9,
  "fields": {
    "refListe": 1,
    "refProduit": 6,
    "mesure": "kg",
    "quantity": 2,
    "isCheck": false,
    "autoAdd": false,
    "nomProdOptional": "Viande haché"
  }
},
{
  "model": "myapp.ligneliste",
  "pk": 10,
  "fields": {
    "refListe": 1,
    "refProduit": 7,
    "mesure": "pièce",
    "quantity": 4,
    "isCheck": false,
    "autoAdd": false,
    "nomProdOptional": "Blanc de poulet"
  }
},
{
  "model": "myapp.ligneliste",
  "pk": 11,
  "fields": {
    "refListe": 1,
    "refProduit": 1,
    "mesure": "boite",
    "quantity": 2,
    "isCheck": false,
    "autoAdd": true,
    "nomProdOptional": null
  }
},
{
  "model": "myapp.lignerepas",
  "pk": 1,
  "fields": {
    "refRepas": 1,
    "refProduit": 15,
    "mesure": "pièce",
    "quantity": 1
  }
},
{
  "model": "myapp.lignerepas",
  "pk": 2,
  "fields": {
    "refRepas": 1,
    "refProduit": 14,
    "mesure": "pièce",
    "quantity": 2
  }
},
{
  "model": "myapp.lignerepas",
  "pk": 3,
  "fields": {
    "refRepas": 1,
    "refProduit": 16,
    "mesure": "pièce",
    "quantity": 2
  }
},
{
  "model": "myapp.lignerepas",
  "pk": 4,
  "fields": {
    "refRepas": 3,
    "refProduit": 20,
    "mesure": "pièce",
    "quantity": 1
  }
},
{
  "model": "myapp.lignerepas",
  "pk": 5,
  "fields": {
    "refRepas": 3,
    "refProduit": 19,
    "mesure": "pièce",
    "quantity": 1
  }
},
{
  "model": "myapp.lignerepas",
  "pk": 6,
  "fields": {
    "refRepas": 3,
    "refProduit": 22,
    "mesure": "pièce",
    "quantity": 1
  }
},
{
  "model": "myapp.peremptionproduit",
  "pk": 19,
  "fields": {
    "datePeremption": "2022-06-20",
    "quantity": 4,
    "notifPeremption": 2,
    "refProduit": 4
  }
},
{
  "model": "myapp.peremptionproduit",
  "pk": 22,
  "fields": {
    "datePeremption": "2022-06-27",
    "quantity": 4,
    "notifPeremption": 2,
    "refProduit": 8
  }
},
{
  "model": "myapp.peremptionproduit",
  "pk": 23,
  "fields": {
    "datePeremption": "2022-06-27",
    "quantity": 1,
    "notifPeremption": 2,
    "refProduit": 9
  }
},
{
  "model": "myapp.peremptionproduit",
  "pk": 24,
  "fields": {
    "datePeremption": "2022-06-27",
    "quantity": 2,
    "notifPeremption": 2,
    "refProduit": 10
  }
},
{
  "model": "myapp.peremptionproduit",
  "pk": 25,
  "fields": {
    "datePeremption": "2022-12-10",
    "quantity": 2,
    "notifPeremption": 2,
    "refProduit": 11
  }
},
{
  "model": "myapp.peremptionproduit",
  "pk": 26,
  "fields": {
    "datePeremption": "2022-08-12",
    "quantity": 2,
    "notifPeremption": 2,
    "refProduit": 12
  }
},
{
  "model": "myapp.peremptionproduit",
  "pk": 27,
  "fields": {
    "datePeremption": "2022-08-12",
    "quantity": 12,
    "notifPeremption": 2,
    "refProduit": 13
  }
},
{
  "model": "myapp.peremptionproduit",
  "pk": 28,
  "fields": {
    "datePeremption": "2022-06-27",
    "quantity": 1,
    "notifPeremption": 2,
    "refProduit": 14
  }
},
{
  "model": "myapp.peremptionproduit",
  "pk": 29,
  "fields": {
    "datePeremption": "2022-07-13",
    "quantity": 2,
    "notifPeremption": 2,
    "refProduit": 15
  }
},
{
  "model": "myapp.peremptionproduit",
  "pk": 30,
  "fields": {
    "datePeremption": "2022-06-27",
    "quantity": 2,
    "notifPeremption": 2,
    "refProduit": 16
  }
},
{
  "model": "myapp.peremptionproduit",
  "pk": 31,
  "fields": {
    "datePeremption": "2022-11-14",
    "quantity": 5,
    "notifPeremption": 2,
    "refProduit": 17
  }
},
{
  "model": "myapp.peremptionproduit",
  "pk": 32,
  "fields": {
    "datePeremption": "2022-07-01",
    "quantity": 2,
    "notifPeremption": 2,
    "refProduit": 18
  }
},
{
  "model": "myapp.peremptionproduit",
  "pk": 33,
  "fields": {
    "datePeremption": "2022-07-17",
    "quantity": 2,
    "notifPeremption": 2,
    "refProduit": 19
  }
},
{
  "model": "myapp.peremptionproduit",
  "pk": 35,
  "fields": {
    "datePeremption": "2022-07-01",
    "quantity": 2,
    "notifPeremption": 2,
    "refProduit": 21
  }
},
{
  "model": "myapp.peremptionproduit",
  "pk": 36,
  "fields": {
    "datePeremption": "2022-07-17",
    "quantity": 1,
    "notifPeremption": 2,
    "refProduit": 22
  }
},
{
  "model": "myapp.peremptionproduit",
  "pk": 37,
  "fields": {
    "datePeremption": "2022-06-22",
    "quantity": 2,
    "notifPeremption": 2,
    "refProduit": 1
  }
},
{
  "model": "myapp.peremptionproduit",
  "pk": 38,
  "fields": {
    "datePeremption": "2022-07-04",
    "quantity": 4,
    "notifPeremption": 2,
    "refProduit": 1
  }
},
{
  "model": "myapp.peremptionproduit",
  "pk": 39,
  "fields": {
    "datePeremption": "2022-06-24",
    "quantity": 3,
    "notifPeremption": 2,
    "refProduit": 4
  }
},
{
  "model": "myapp.peremptionproduit",
  "pk": 40,
  "fields": {
    "datePeremption": "2022-06-22",
    "quantity": 2,
    "notifPeremption": 2,
    "refProduit": 16
  }
},
{
  "model": "myapp.peremptionproduit",
  "pk": 41,
  "fields": {
    "datePeremption": "2022-06-24",
    "quantity": 1,
    "notifPeremption": 2,
    "refProduit": 19
  }
},
{
  "model": "myapp.notification",
  "pk": 1,
  "fields": {
    "message": "Le produit Pomme verte va bientôt périmer dans Frigo",
    "refPeremption": 19,
    "refFamily": 2
  }
},
{
  "model": "myapp.notification",
  "pk": 2,
  "fields": {
    "message": "Le produit Jambon de poulet va bientôt périmer dans Frigo",
    "refPeremption": 37,
    "refFamily": 2
  }
},
{
  "model": "myapp.notification",
  "pk": 3,
  "fields": {
    "message": "Le produit Crème va bientôt périmer dans Frigo",
    "refPeremption": 40,
    "refFamily": 2
  }
},
{
  "model": "myapp.notification",
  "pk": 4,
  "fields": {
    "message": "Le produit Cornichons va bientôt périmer dans Garde Manger 1",
    "refPeremption": 41,
    "refFamily": 2
  }
}
]
